item_name,main_category,sub_category
2kg Royal gala apple,Fresh Produce,Apples
Apple Granny Smith 1kg bag,Fresh Produce,Apples
Apple Granny smith 2kg Bags,Fresh Produce,Apples
apple Jazz,Fresh Produce,Apples
Apple Jonathan,Fresh Produce,Apples
Apple pink lady 1kg Punnet,Fresh Produce,Apples
apple pink lady 2kg,Fresh Produce,Apples
Apples Fuji,Fresh Produce,Apples
Apples Golden Delicious,Fresh Produce,Apples
Apples Granny Smith,Fresh Produce,Apples
Apples Pink Lady,Fresh Produce,Apples
Apples Red Delicious,Fresh Produce,Apples
Apples Royal Gala,Fresh Produce,Apples
Crimson Snow Apples,Fresh Produce,Apples
Firm Gold Apple 2kg,Fresh Produce,Apples
Ginger gold apple,Fresh Produce,Apples
Golden Delicious 1Kg Punnet,Fresh Produce,Apples
Pink lady kids pack 1kg,Fresh Produce,Apples
Royal Gala 1kg Punnet,Fresh Produce,Apples
Sundowner Apples,Fresh Produce,Apples
Drumstick,Fresh Produce,Asian Vegies
Jack Fruit Young Green,Fresh Produce,Asian Vegies
Ambarella,Fresh Produce,Asian Vegies
Bean Sprouts,Fresh Produce,Asian Vegies
bitter melon,Fresh Produce,Asian Vegies
Bok choy,Fresh Produce,Asian Vegies
Broccoli Chinese,Fresh Produce,Asian Vegies
Buk choy,Fresh Produce,Asian Vegies
Chokoes,Fresh Produce,Asian Vegies
Choy sum,Fresh Produce,Asian Vegies
Cooking Banana,Fresh Produce,Asian Vegies
Cooking Papaya,Fresh Produce,Asian Vegies
Garlic Shoots,Fresh Produce,Asian Vegies
Green Jack Fruits,Fresh Produce,Asian Vegies
Hairy Melon,Fresh Produce,Asian Vegies
Kang Kong,Fresh Produce,Asian Vegies
Long Melon,Fresh Produce,Asian Vegies
Okra,Fresh Produce,Asian Vegies
Pac choy,Fresh Produce,Asian Vegies
Pak choy,Fresh Produce,Asian Vegies
Pitted Green olive 1kg,Fresh Produce,Asian Vegies
Plain flour 2kg,Fresh Produce,Asian Vegies
Radish white,Fresh Produce,Asian Vegies
Sinqua (Angled Luffa),Fresh Produce,Asian Vegies
Snake Gourd,Fresh Produce,Asian Vegies
Thai Eggplant,Fresh Produce,Asian Vegies
Thalapath Dried Araliya,Fresh Produce,Asian Vegies
Winter Melon,Fresh Produce,Asian Vegies
Avocado Hass Large,Fresh Produce,Avocadoes
Avocado Hass Medium,Fresh Produce,Avocadoes
Avocado Shepard,Fresh Produce,Avocadoes
Avocado Small Hass,Fresh Produce,Avocadoes
Baking Powder 50g,Pantry Staples,Baking
Marmite210g,Pantry Staples,Baking
Pure Honey 1kg,Pantry Staples,Baking
White Sugar 1kg,Pantry Staples,Baking
Siddhalepa,Miscellaneous,Balms
Banana Cavendish,Fresh Produce,Bananas
Banana Monkey,Fresh Produce,Bananas
Bananas Ladyfinger,Fresh Produce,Bananas
Red Tip Banana,Fresh Produce,Bananas
Berries Blackberry,Fresh Produce,Berries
Berries Blueberry,Fresh Produce,Berries
Berries Raspberry,Fresh Produce,Berries
Berries Strawberry (large),Fresh Produce,Berries
Berries Strawberry (medium),Fresh Produce,Berries
Little Lion Batter Carol 275g,Snacks,Biscuit
Sesame Balls 200g,Snacks,Biscuit
Sesame Biscota 250g,Snacks,Biscuit
Thalaaluwa 350g,Snacks,Biscuit
Cookies Biscuit,Snacks,Biscuits
Florentine,Snacks,Biscuits
Maliban Marie Biscuit 400g,Snacks,Biscuits
Biscota Cocoa,Snacks,Biscuits
Bran Crackers Mal,Snacks,Biscuits
Chocolate Biscuit 200g,Snacks,Biscuits
chocolate cream bis 2 for 5.50,Snacks,Biscuits
Cream Cracker Mun,Snacks,Biscuits
Cream Cracker Munc 400g,Snacks,Biscuits
Cream Cracker190g,Snacks,Biscuits
Derana woodapple cream cream 565g,Snacks,Biscuits
Ginger Nut Mun,Snacks,Biscuits
Gold Marie 2for2.50,Snacks,Biscuits
Hawaian Cookies mun,Snacks,Biscuits
Hawaiian Cookiea 2for 2.80,Snacks,Biscuits
Kalu Dodol 450g,Snacks,Biscuits
Maliban Gold Maie 320g,Snacks,Biscuits
Maliban Krisco,Snacks,Biscuits
Rulan aluwa 400g,Snacks,Biscuits
Maliban Chick Bits,Snacks,Biscuits
Maliban Chocolate Cream Biscuit 500g,Snacks,Biscuits
Maliban Ginger Nut 2*160g,Snacks,Biscuits
Maliban Nice 2*200g,Snacks,Biscuits
Maliban Orange cream 500g,Snacks,Biscuits
Maliban Wafers Chocolate 100g,Snacks,Biscuits
Maliban Wafers vanila 100g,Snacks,Biscuits
Nice Munchee 200g,Snacks,Biscuits
Thala aluwa 400g,Snacks,Biscuits
Thalaguli 250g serendib,Snacks,Biscuits
Asparagus white,Fresh Produce,Bunch Vegies
Australian Asparagus green,Fresh Produce,Bunch Vegies
Beetroot bunch,Fresh Produce,Bunch Vegies
beetroot Golden Delicious,Fresh Produce,Bunch Vegies
Broccolini,Fresh Produce,Bunch Vegies
Celery,Fresh Produce,Bunch Vegies
Chickory,Fresh Produce,Bunch Vegies
Endive,Fresh Produce,Bunch Vegies
Green Kale Bunch,Fresh Produce,Bunch Vegies
Methi Leaves,Fresh Produce,Bunch Vegies
Onion spring,Fresh Produce,Bunch Vegies
Radish Red,Fresh Produce,Bunch Vegies
Radish White Bunch,Fresh Produce,Bunch Vegies
Rainbow Silverbeet,Fresh Produce,Bunch Vegies
Rape,Fresh Produce,Bunch Vegies
Red Radish bunch,Fresh Produce,Bunch Vegies
Rhubarb,Fresh Produce,Bunch Vegies
Silverbeet,Fresh Produce,Bunch Vegies
Spinach Bunch,Fresh Produce,Bunch Vegies
Tuscan Kale,Fresh Produce,Bunch Vegies
Watercress,Fresh Produce,Bunch Vegies
Zafarelli,Fresh Produce,Bunch Vegies
Cabbage Drumhead,Fresh Produce,Cabbages
Cabbage Drumhead small,Fresh Produce,Cabbages
Cabbage green,Fresh Produce,Cabbages
Cabbage red,Fresh Produce,Cabbages
Cabbage Savoy,Fresh Produce,Cabbages
Cabbage Wombok,Fresh Produce,Cabbages
Christmas Cake 600g,Breads & Bakery,Cake
Vasilopita 650g,Breads & Bakery,Cake
Dry Cake 400g,Breads & Bakery,Cake
Easter Candle,Miscellaneous,Candles
Captain Jack Mackerel 800g,Pantry Staples,Canned Fish
Captain Jack Mackerl 400g,Pantry Staples,Canned Fish
Delmage Jack Ma 425g,Pantry Staples,Canned Fish
Delmage Jack Mackerel 400g,Pantry Staples,Canned Fish
Derana Mackerel 425g,Pantry Staples,Canned Fish
Lakmalu Katta off Cut,Pantry Staples,Canned Fish
Lakmalu Maldivefish 100g,Pantry Staples,Canned Fish
Derana Jack Mackerel 425g,Pantry Staples,Canned Fish
Delmage Soyameat Curry,Pantry Staples,Canned Food
Delmage Soyameat Mutton 90g,Pantry Staples,Canned Food
Soya Meat chicken,Pantry Staples,Canned Food
Soya Meet Prawn 90g,Pantry Staples,Canned Food
Capsicum green,Fresh Produce,capsicum
Capsicum red,Fresh Produce,capsicum
Capsicum yellow,Fresh Produce,capsicum
Hungarian Capsicum,Fresh Produce,capsicum
Carrots,Fresh Produce,carrots
Carrots 1kg,Fresh Produce,carrots
Urid Flour 1kg,Packaged Food / Pulses,carrots
Samaposha 200g,Snacks,Cereals
Chilli Birdseye,Fresh Produce,Chillies
Chilli green,Fresh Produce,Chillies
Chilli Green long bullhorm,Fresh Produce,Chillies
chilli Jalapeno,Fresh Produce,Chillies
Chilli red,Fresh Produce,Chillies
Chilli Red Long bullhorn,Fresh Produce,Chillies
chilli yellow long,Fresh Produce,Chillies
Thai Green Chilli,Fresh Produce,Chillies
Thai Red Chilli,Fresh Produce,Chillies
2kg Marsh Grapefruit,Fresh Produce,Citrus Fruits
3kg Marsh Grapefruit,Fresh Produce,Citrus Fruits
3kg Valencia Oranges,Fresh Produce,Citrus Fruits
Afourer Mandarin,Fresh Produce,Citrus Fruits
Avana Manadarin,Fresh Produce,Citrus Fruits
Daisy Mandarines,Fresh Produce,Citrus Fruits
Easy Peal Navel Orange,Fresh Produce,Citrus Fruits
Gold Nugget700g,Fresh Produce,Citrus Fruits
Gold Nuggets Mandarin,Fresh Produce,Citrus Fruits
Grapefruit Marsh,Fresh Produce,Citrus Fruits
Grapefruit Ruby,Fresh Produce,Citrus Fruits
Grapefruit yellow,Fresh Produce,Citrus Fruits
Honey Murcott Mandarin,Fresh Produce,Citrus Fruits
Late Imperial Mandarines,Fresh Produce,Citrus Fruits
Lemon,Fresh Produce,Citrus Fruits
Lemon 1kg,Fresh Produce,Citrus Fruits
Limes,Fresh Produce,Citrus Fruits
Mandarin Hickson,Fresh Produce,Citrus Fruits
Mandarin Imperial,Fresh Produce,Citrus Fruits
Mandarine Clementine,Fresh Produce,Citrus Fruits
navel oranges 3kg,Fresh Produce,Citrus Fruits
Orange blood,Fresh Produce,Citrus Fruits
Orange navel,Fresh Produce,Citrus Fruits
Orange Navel Australian,Fresh Produce,Citrus Fruits
Orange valencia,Fresh Produce,Citrus Fruits
Pomelo,Fresh Produce,Citrus Fruits
Suntina Mandarine,Fresh Produce,Citrus Fruits
Tangelos,Fresh Produce,Citrus Fruits
Taylor Lee,Fresh Produce,Citrus Fruits
Magi coconut Powder 1kg,Pantry Staples,Cocunut Products
Drinking Coconut,Fresh Produce,Coconut Products
Coconut Fine 500g,Pantry Staples,Coconut Products
Coconut Milk Pow1kg Arali,Pantry Staples,Coconut Products
coconut milk powder 300g or,Pantry Staples,Coconut Products
Coconut Millk powder 1kg,Pantry Staples,Coconut Products
Coconut Sambol Red LA,Pantry Staples,Coconut Products
Coconut Sambol veg LA,Pantry Staples,Coconut Products
Coconut Shreded 500g,Pantry Staples,Coconut Products
Derana coconut cream 400ml,Pantry Staples,Coconut Products
Derana coconut Milk 400ml,Pantry Staples,Coconut Products
Desiccated coconut 500g,Pantry Staples,Coconut Products
Desiccated Low Fat 400g,Pantry Staples,Coconut Products
Desiccated Medium 400g,Pantry Staples,Coconut Products
Dessicated coconut 500g,Pantry Staples,Coconut Products
Maggi coco 300g,Pantry Staples,Coconut Products
Org.coconut milk 300g,Pantry Staples,Coconut Products
Maggi coconut milk powder 125g,Pantry Staples,Coconut Products
MD Coconut Milk 400ml,Pantry Staples,Coconut Products
MD Coconut Treacle,Pantry Staples,Coconut Products
Renuka coconut Milk PDR 1kg,Pantry Staples,Cocunut Products
Renuka coconut PDR 300g,Pantry Staples,Cocunut Products
Tea Coconut Milk,Pantry Staples,Cocunut Products
Harishchandra Coffe 200g,Beverages,Coffee
Papagalos Coffee 490g,Beverages,Coffee
Derana Dried Prawns 175g,Pantry Staples,Condiment
Fried onion & Maldive fish sambol,Pantry Staples,Condiment
5kg brown Onion,Pantry Staples,Condiments
Attiki Honey 500g,Pantry Staples,Condiments
Breadfruit in Brine serendib,Pantry Staples,Condiments
Brown Onion 1Kg,Pantry Staples,Condiments
Bruschetta ai peperoni,Pantry Staples,Condiments
Bruschetta al pomodoro,Pantry Staples,Condiments
Bruschetta all aglio,Pantry Staples,Condiments
Cooking Sauce,Pantry Staples,Condiments
Derana Anguluwa Dried fish 200g,Pantry Staples,Condiments
Derana garlic crush 350g,Pantry Staples,Condiments
Derana ginger minced 1kg,Pantry Staples,Condiments
Derana ginger minced 350g,Pantry Staples,Condiments
Derana Woodapple Jam 450g,Pantry Staples,Condiments
Dried Prawns (boil & Dried),Pantry Staples,Condiments
Dried Shrimp 200g Derana,Pantry Staples,Condiments
Dried Thora 250g,Pantry Staples,Condiments
Ginger & Garlic 350g Pattu,Pantry Staples,Condiments
Kist Pineapple jam 300g,Pantry Staples,Condiments
Lakmalu Mora 175g,Pantry Staples,Condiments
Lotus in Brine Arali,Pantry Staples,Condiments
MD Maldive Fish 100g,Pantry Staples,Condiments
MD Woodapple Cream,Pantry Staples,Condiments
onion brown 10kg,Pantry Staples,Condiments
onion brown 2kg large,Pantry Staples,Condiments
onion brown 2kg Small,Pantry Staples,Condiments
Pineapple Jam Kist300g,Pantry Staples,Condiments
Richmi Mora Dried Fish 150g,Pantry Staples,Condiments
Risine Large 500g,Pantry Staples,Condiments
Risoni Medium,Pantry Staples,Condiments
Sun Dried Tomato 100g,Pantry Staples,Condiments
Thyme Honey,Pantry Staples,Condiments
Mixed Fruit Jam300gkist,Pantry Staples,Condiments
Derana Mixed fruit Jam 450g,Pantry Staples,Condiments
Motha Mix fruit flavour Jelly,Pantry Staples,Condiments
Mango Chutney 450g der,Pantry Staples,Condiments
Mango Chutney LA,Pantry Staples,Condiments
MD Woodapple Jam 785g,Pantry Staples,Condiments
Derana garlic & ginger 350g,Pantry Staples,Condiments
Derana Ginger Preserve 450g,Pantry Staples,Condiments
Derana Goraka Pieces 100g,Pantry Staples,Condiments
Derana katta sambol 350g,Pantry Staples,Condiments
Derana polos Mallum 325g,Pantry Staples,Condiments
MD Belicream,Pantry Staples,Condiments
MD Bread Fruit in Brine,Pantry Staples,Condiments
Tamarind 200g Derana,Pantry Staples,Condiments
Mustard Cream 150g,Pantry Staples,Condiments
Tea Jack Madulu in Brine,Pantry Staples,Condiments
Fried Keeramin,Pantry Staples,Condiments
Jak Mallum In brine Arali,Pantry Staples,Condiments
Aussie Cucumber,Fresh Produce,Cucumbers
continental cucumber bulk,Fresh Produce,Cucumbers
Cucumber continental,Fresh Produce,Cucumbers
Cucumber Lebanese,Fresh Produce,Cucumbers
Fruit Salad Special 300g,Fresh Produce,Cut Fruits
Honeydew Half,Fresh Produce,Cut Fruits
Mangosteen,Fresh Produce,Cut Fruits
Rockmelon Half,Fresh Produce,Cut Fruits
cabbage  quater green,Fresh Produce,Cut Veggies
cabbage half,Fresh Produce,Cut Veggies
cabbage Quater,Fresh Produce,Cut Veggies
cabbage red half,Fresh Produce,Cut Veggies
Cauliflower half,Fresh Produce,Cut Veggies
Celery half,Fresh Produce,Cut Veggies
Savoy Cabbage Quter,Fresh Produce,Cut Veggies
Savoy half,Fresh Produce,Cut Veggies
"Tomato,Onion & Garlic ",Fresh Produce,Cut Veggies
wombok half,Fresh Produce,Cut Veggies
Artichoke 2 For 3,Fresh Produce,Deals
Asparagus 2 for $3,Fresh Produce,Deals
Avocado 2 for $,Fresh Produce,Deals
Avocado Hass 2 for $4.50,Fresh Produce,Deals
Baby Artichoke 3 for $1,Fresh Produce,Deals
Black pepper Powder100g pattu,Fresh Produce,Deals
Broccoli Chinese 2 for 3.40,Fresh Produce,Deals
choy sum 2 for $ 1.99,Fresh Produce,Deals
Choy sum 2 for 2.00,Fresh Produce,Deals
continental cucumber 2for 2.40,Fresh Produce,Deals
Corn 3 For 2,Fresh Produce,Deals
Figs 2 for $ 1.50,Fresh Produce,Deals
Garlic Shoots 2for 3.5,Fresh Produce,Deals
Gold Kiwi 2 for,Fresh Produce,Deals
kiwifruit multibuy 5 for $2,Fresh Produce,Deals
mango 2for 3.00,Fresh Produce,Deals
mustatd Leaves 2for,Fresh Produce,Deals
Onion Shoot 2for,Fresh Produce,Deals
Pac choy 3 for $2.,Fresh Produce,Deals
Passata 6 for $8,Fresh Produce,Deals
Passionfruit 2 for $2,Fresh Produce,Deals
Pomegrante 2for $3,Fresh Produce,Deals
R2E2 Mango 2,Fresh Produce,Deals
Slim Leeks 3 for $ 1,Fresh Produce,Deals
Spinach Bunch 2for,Fresh Produce,Deals
Spring Onion 2 for,Fresh Produce,Deals
Strawberry 2 for $ 3,Fresh Produce,Deals
Strawberry 3 for $5.00,Fresh Produce,Deals
Derana Paraw Dried Fish 200g,Pantry Staples,Dried Fish
Derana parboiled 1kg,Pantry Staples,Dried Fish
Dried Anguluwa sera,Pantry Staples,Dried Fish
Dried fish Katta 200g,Pantry Staples,Dried Fish
Dried Hurulu 250g,Pantry Staples,Dried Fish
Dried Kooni Large,Pantry Staples,Dried Fish
Dried Kooni Small 250g,Pantry Staples,Dried Fish
Dried Mora 250g,Pantry Staples,Dried Fish
Dried Paraw 250g Agro,Pantry Staples,Dried Fish
Dried Thalapath 200g derana,Pantry Staples,Dried Fish
Derana Panna Dried Fish 200g,Pantry Staples,Dried Fish
Mora Dried  200g Derana,Pantry Staples,Dried Fish
Thalapath 150g Richmi,Pantry Staples,Dried Fish
Thora Dried Derana,Pantry Staples,Dried Fish
Savoury Nuts 170g Mun,Snacks,Dry Fruits and Nuts
Dearana Special Pappadam 100g,Pantry Staples,Dry
Karapincha Porridge 50g,Pantry Staples,Dry
Papadam 200g derana,Pantry Staples,Dry
Welpenela Porridge 50g,Pantry Staples,Dry
MiXed Herbal Porridge 50g,Pantry Staples,Dry
Roasted Peanut,Snacks,Dry Fruits and Nuts
Almond Cresent 250g,Snacks,Dry Fruits and Nuts
Almonds Natural 500g,Snacks,Dry Fruits and Nuts
Almonds Roasted 375g,Snacks,Dry Fruits and Nuts
Apple Rings 500g,Snacks,Dry Fruits and Nuts
Apricot Dried 500g,Snacks,Dry Fruits and Nuts
Borlotti Beans 500g,Snacks,Dry Fruits and Nuts
Brazils Raw 375g,Snacks,Dry Fruits and Nuts
Cannellini Beans 1Kg,Snacks,Dry Fruits and Nuts
Cashew Nuts hot & Spicy 200g,Snacks,Dry Fruits and Nuts
Cashews Natural 375,Snacks,Dry Fruits and Nuts
Cashews Raw 500g,Snacks,Dry Fruits and Nuts
Cashews Salted 250g,Snacks,Dry Fruits and Nuts
Cashews Salted375g,Snacks,Dry Fruits and Nuts
chest Nuts,Snacks,Dry Fruits and Nuts
Chilli Cashew 200g,Snacks,Dry Fruits and Nuts
Chocolate M,Snacks,Dry Fruits and Nuts
Clove 50g Kandyan,Snacks,Dry Fruits and Nuts
Cobbers,Snacks,Dry Fruits and Nuts
Coconut Vinigar 750ml,Snacks,Dry Fruits and Nuts
Coriander seed200g kan,Snacks,Dry Fruits and Nuts
Cranberries 500g,Snacks,Dry Fruits and Nuts
Crystallized Ginger 250g,Snacks,Dry Fruits and Nuts
Hot and Spicy Mix,Snacks,Dry Fruits and Nuts
Low cholesterol Mox500g,Snacks,Dry Fruits and Nuts
Marie 400g Munchee,Snacks,Dry Fruits and Nuts
Mix Nuts 375g,Snacks,Dry Fruits and Nuts
Mix Nuts 500g,Snacks,Dry Fruits and Nuts
Mung Beans 1kg,Snacks,Dry Fruits and Nuts
Paw Paw Diced 500g,Snacks,Dry Fruits and Nuts
Peanut Salted 500g,Snacks,Dry Fruits and Nuts
Peanut Unsalted 500g,Snacks,Dry Fruits and Nuts
Peanuts in shell (Roasted) 300g,Snacks,Dry Fruits and Nuts
Peanuts R & Salted 500g,Snacks,Dry Fruits and Nuts
Peanuts Salted 500g,Snacks,Dry Fruits and Nuts
Pepitas,Snacks,Dry Fruits and Nuts
Pineapple Diced 500g,Snacks,Dry Fruits and Nuts
Pistachios 500g,Snacks,Dry Fruits and Nuts
Pistachios Salted 350g,Snacks,Dry Fruits and Nuts
Pitted Dates 500g,Snacks,Dry Fruits and Nuts
Pitted Prunes 500g,Snacks,Dry Fruits and Nuts
Pol Sambol,Snacks,Dry Fruits and Nuts
Pumpkin Seeds Kernals 500g,Snacks,Dry Fruits and Nuts
Pure Ghee 200ml,Snacks,Dry Fruits and Nuts
Pure Ghee 500ml,Snacks,Dry Fruits and Nuts
Raisins 500g,Snacks,Dry Fruits and Nuts
Rancrisp Burnt cashew 100g,Snacks,Dry Fruits and Nuts
Rancrisp Devilled cashews 100g,Snacks,Dry Fruits and Nuts
Raw Cashew 500g dera,Snacks,Dry Fruits and Nuts
Raw Cashews 1kg Derana,Snacks,Dry Fruits and Nuts
Raw Chick Peas 500g,Snacks,Dry Fruits and Nuts
Raw Peanut 1kg,Snacks,Dry Fruits and Nuts
Red Lentils,Snacks,Dry Fruits and Nuts
Rice Crackers 350g,Snacks,Dry Fruits and Nuts
Rice Crackers BBQ140g,Snacks,Dry Fruits and Nuts
Rice Crackers Chilli 140g,Snacks,Dry Fruits and Nuts
Rigatoni,Snacks,Dry Fruits and Nuts
Royal Oven Baked Cashews 100g,Snacks,Dry Fruits and Nuts
Soya Crisps 200g,Snacks,Dry Fruits and Nuts
Sultana,Snacks,Dry Fruits and Nuts
Sunflower Kernels 250g,Snacks,Dry Fruits and Nuts
Sunflower Kernels 500g,Snacks,Dry Fruits and Nuts
Sunflower Seeds 300g,Snacks,Dry Fruits and Nuts
Walnut Kernels LHP 500g,Snacks,Dry Fruits and Nuts
Walnuts in shell,Snacks,Dry Fruits and Nuts
Walnuts Natural 350g,Snacks,Dry Fruits and Nuts
Royal Chilli Garlic Cashew Nuts 100g,Snacks,Dry Fruits and Nuts
Royal Hot & Spicy Cashew Nuts 100g,Snacks,Dry Fruits and Nuts
egg free range 500g,"Dairy, Cheese, and Eggs",Eggs
egg free range 600g,"Dairy, Cheese, and Eggs",Eggs
Egg freerang 700,"Dairy, Cheese, and Eggs",Eggs
Eggs 700g,"Dairy, Cheese, and Eggs",Eggs
eggs 800g,"Dairy, Cheese, and Eggs",Eggs
Eggs 850g,"Dairy, Cheese, and Eggs",Eggs
Quil Egg,"Dairy, Cheese, and Eggs",Eggs
Rosa Kekulu Samba5kg kandyan,"Dairy, Cheese, and Eggs",Eggs
Supiri Keeri Samba5kg,"Dairy, Cheese, and Eggs",Eggs
Atta 1kg Pattu,Pantry Staples,Flour
Atta 5kg Dia,Pantry Staples,Flour
Atta Chakki Fresh,Pantry Staples,Flour
chick pea flour 1kg pattu,Pantry Staples,Flour
Corn Flour White 500g,Pantry Staples,Flour
Derana Red S/H flour 700g,Pantry Staples,Flour
Derana Ros /Rice FLR Red 1kg,Pantry Staples,Flour
Derana white S/H flour 700g,Pantry Staples,Flour
MDK Red Sting Hopper Flour 700g,Pantry Staples,Flour
Plain Flour 5kg,Pantry Staples,Flour
Red Rice Flour1kg,Pantry Staples,Flour
Rice Flour unroasted agro,Pantry Staples,Flour
Rstd White Rice Flour 1kg,Pantry Staples,Flour
Self Raising Flour 1kg,Pantry Staples,Flour
Semolina 1kg Fine Pattu,Pantry Staples,Flour
Semolina Coarse 1kg,Pantry Staples,Flour
Semolina Coarse 500g,Pantry Staples,Flour
Semolina Fine 1Kg,Pantry Staples,Flour
Semolina Fine 500g,Pantry Staples,Flour
Special White Flour 1kg,Pantry Staples,Flour
Urid Flour 200 Wijaya,Pantry Staples,Flour
Wholemeal Flour 1kg,Pantry Staples,Flour
Whte Rice Flour1kg,Pantry Staples,Flour
wijaya kurakkan Flour 400g,Pantry Staples,Flour
Self Raising 2kg,Pantry Staples,Flour
Mahlepi Ground 15g,Pantry Staples,Flour
Bunch Roses,Flowers,Flowers
Flower Bunch,Flowers,Flowers
Flower Pot,Flowers,Flowers
Apple & Blackcurrant Juice 350ml,Beverages,Fruit Juice
Apple Juice 350ml,Beverages,Fruit Juice
Coconut Drink,Beverages,Fruit Juice
Coconut Treacle 750ml der,Beverages,Fruit Juice
Derana Passionfruit cordial 750ml,Beverages,Fruit Juice
Fresh Juice 2 for $5,Beverages,Fruit Juice
Fuji Apple Juice,Beverages,Fruit Juice
king coconut water,Beverages,Fruit Juice
Lychi drink 200ml,Beverages,Fruit Juice
MD Mango Nector 250ml,Beverages,Fruit Juice
Nectp Ele 330ml,Beverages,Fruit Juice
Orange Juice 350ml,Beverages,Fruit Juice
Passion Fruit Basil seed Drink,Beverages,Fruit Juice
Pinklady Apple Juice,Beverages,Fruit Juice
Pure coconut water 520ml,Beverages,Fruit Juice
Sherbet Syrup750ml,Beverages,Fruit Juice
Tamarind Drink,Beverages,Fruit Juice
Tropicana,Beverages,Fruit Juice
Calypso mango,Fresh Produce,Fruits
cherry 500g,Fresh Produce,Fruits
Figs 370g pak,Fresh Produce,Fruits
Green Mango,Fresh Produce,Fruits
Honey Gold Mango,Fresh Produce,Fruits
Keitt Mango,Fresh Produce,Fruits
Kensington Pride Mango,Fresh Produce,Fruits
Kensington Pride Mangoes large,Fresh Produce,Fruits
Nam D0c Mai Mango,Fresh Produce,Fruits
Palmer Mango,Fresh Produce,Fruits
Papaya,Fresh Produce,Fruits
Sweet Tooth Mango,Fresh Produce,Fruits
Garlic loose,Fresh Produce,Garlic
Adzuki Beans 500g,Pantry Staples,Grains and Pulses
Al Nakhil Tahina 454g,Pantry Staples,Grains and Pulses
Amami Papadam,Pantry Staples,Grains and Pulses
Barley 250g derana,Pantry Staples,Grains and Pulses
Barlotti Beans 500g,Pantry Staples,Grains and Pulses
Butter Beans 400g,Pantry Staples,Grains and Pulses
Cannelini Beans 400g,Pantry Staples,Grains and Pulses
Cannellini Beans 500g,Pantry Staples,Grains and Pulses
Cardamon Pods 100g,Pantry Staples,Grains and Pulses
Channa Dhall 1Kg,Pantry Staples,Grains and Pulses
Chia Seeds 250g,Pantry Staples,Grains and Pulses
Chick Peas 1kg Pattu,Pantry Staples,Grains and Pulses
Chick Peas 400g,Pantry Staples,Grains and Pulses
Chick Peas R & S,Pantry Staples,Grains and Pulses
Chickpeas Large 500g,Pantry Staples,Grains and Pulses
Chilli Checkpes 300g,Pantry Staples,Grains and Pulses
Cous cous 500g,Pantry Staples,Grains and Pulses
Cous cous Pearl 300g,Pantry Staples,Grains and Pulses
cous cous Wholemeal 450g,Pantry Staples,Grains and Pulses
Dark Red Kidney 500g,Pantry Staples,Grains and Pulses
Derana sago 250g,Pantry Staples,Grains and Pulses
Derana Sago 500g,Pantry Staples,Grains and Pulses
Fava Beans 398ml,Pantry Staples,Grains and Pulses
Fava Beans 500g,Pantry Staples,Grains and Pulses
Green Split Peas 500g,Pantry Staples,Grains and Pulses
Lima Beans 500g,Pantry Staples,Grains and Pulses
Mung Beans 500g,Pantry Staples,Grains and Pulses
Mung Dhall 1kg,Pantry Staples,Grains and Pulses
Mung Split 1kg pattu,Pantry Staples,Grains and Pulses
Pecan Kernels 100g,Pantry Staples,Grains and Pulses
Polenta Fine 500g,Pantry Staples,Grains and Pulses
Red Lentils 500g,Pantry Staples,Grains and Pulses
Red Lentils Whole 500g,Pantry Staples,Grains and Pulses
Red Lentils Whole 500g (skin off),Pantry Staples,Grains and Pulses
Red split Lentils 1kg Pattu,Pantry Staples,Grains and Pulses
Red Split Lentils 2kg,Pantry Staples,Grains and Pulses
red Split lentils 5kg,Pantry Staples,Grains and Pulses
Sesame Balls 200g Araliya,Pantry Staples,Grains and Pulses
Sulthana 500g,Pantry Staples,Grains and Pulses
Tea Toor Dhal 1Kg,Pantry Staples,Grains and Pulses
Toor Dhall 5kg,Pantry Staples,Grains and Pulses
Urid Whole White 1kg,Pantry Staples,Grains and Pulses
Yellow Split Peas 500g,Pantry Staples,Grains and Pulses
Black currents,Fresh Produce,Grapes
Crimson Grapes,Fresh Produce,Grapes
Firm Grapes,Fresh Produce,Grapes
Grapes black,Fresh Produce,Grapes
grapes Calmeria,Fresh Produce,Grapes
Grapes Red Globe,Fresh Produce,Grapes
grapes sulthana,Fresh Produce,Grapes
Grapes white Seedless,Fresh Produce,Grapes
Lady Jane Mango,Fresh Produce,Grapes
Moon Drop Grapes,Fresh Produce,Grapes
Ohanez Grapes,Fresh Produce,Grapes
India Gate Sella 5kg,Pantry Staples,Grapes
Ginger & Apple Juice,Beverages,Health
Basil Italian,Fresh Produce,Herbs
Basil Thai,Fresh Produce,Herbs
Chives,Fresh Produce,Herbs
Coriander,Fresh Produce,Herbs
Curry Leaves,Fresh Produce,Herbs
Dill,Fresh Produce,Herbs
Garlic chives,Fresh Produce,Herbs
Kaffir lime leaves,Fresh Produce,Herbs
Lemongrass,Fresh Produce,Herbs
Marjoram,Fresh Produce,Herbs
Micro herbs,Fresh Produce,Herbs
Mint fresh,Fresh Produce,Herbs
Mint Vietnamese,Fresh Produce,Herbs
Oregano,Fresh Produce,Herbs
Parsley Continental,Fresh Produce,Herbs
Parsley Curly,Fresh Produce,Herbs
Pennywort/ gotukola,Fresh Produce,Herbs
Rosemary,Fresh Produce,Herbs
Sage,Fresh Produce,Herbs
Thyme garden,Fresh Produce,Herbs
Baby Cos 2pac,Fresh Produce,Lettuces
Baby Spinach 100g,Fresh Produce,Lettuces
Lettuce Butter,Fresh Produce,Lettuces
Lettuce Cos,Fresh Produce,Lettuces
Lettuce Iceberg,Fresh Produce,Lettuces
Lettuce Oak green,Fresh Produce,Lettuces
Lettuce Rocket,Fresh Produce,Lettuces
Lettuce Salad mix loose,Fresh Produce,Lettuces
Radicchio,Fresh Produce,Lettuces
Rocket leaves 100g,Fresh Produce,Lettuces
Salad Mix 100g,Fresh Produce,Lettuces
Snow pea Tendrils,Fresh Produce,Lettuces
Spinach Lettuce Mix,Fresh Produce,Lettuces
Mark down Bag ***,Bag,Mark down Bag
Mangal Chicken Masala 100g,Pantry Staples,Masala
Candy Melon,Fresh Produce,Melons
Gold Honeydew,Fresh Produce,Melons
Golden Moon Rockmelon,Fresh Produce,Melons
Honeydew,Fresh Produce,Melons
Piel de Sapo Melon,Fresh Produce,Melons
Rockmelon,Fresh Produce,Melons
Watermelon seeded,Fresh Produce,Melons
Watermelon seedless,Fresh Produce,Melons
Faluda mix Motha 250g,Beverages,Mix
Basil seed lychi 290ml,Beverages,Mix
Basil seed Mango Juice290ml,Beverages,Mix
Basil seed Mango Sharbath 290ml,Beverages,Mix
Basil Seed Rose Sharbath,Beverages,Mix
Basil seed With Pomegranate 290ml,Beverages,Mix
Divul Kiri 750ml,Beverages,Mix
MD Coconut Treacle 350ml,Beverages,Mix
MD kithul Treacle 350ml,Beverages,Mix
MD Kithul Treacle 750ml,Beverages,Mix
MD Woodapple Nectar 750ml,Beverages,Mix
Derana Mango cordial 750ml,Beverages,Mixes
cup mushroom 250g,Fresh Produce,Mushrooms
King oyster,Fresh Produce,Mushrooms
King Oyster Baby,Fresh Produce,Mushrooms
Mushroom Brown,Fresh Produce,Mushrooms
Mushroom Button,Fresh Produce,Mushrooms
Mushroom Cup,Fresh Produce,Mushrooms
Mushroom Enoki,Fresh Produce,Mushrooms
Mushroom flat,Fresh Produce,Mushrooms
Mushroom Oyster 150g,Fresh Produce,Mushrooms
Mushroom Shitake,Fresh Produce,Mushrooms
Mushroom Swiss,Fresh Produce,Mushrooms
Mushrooms Sliced 200g,Fresh Produce,Mushrooms
Mushrooms Swiss Brown,Fresh Produce,Mushrooms
Dreana special Noodles 400g,Snacks,Noodles
Harischandra Noodless 400g,Snacks,Noodles
Sanremo eggnoodless 1kg,Snacks,Noodles
Suimin Noodles,Snacks,Noodles
wijaya chinese Noodles,Snacks,Noodles
Harischandra special Noodles,Snacks,Noodles
kottu mee chicken 78g,Snacks,Noodles
Maggi devilled kottu,Snacks,Noodles
Wijaya Special Noodles,Snacks,Noodles
1Lt Coconut oil,Pantry Staples,Oil
1Lt Coconut Oil Ver,Pantry Staples,Oil
Coconut oil 300ml serendib,Pantry Staples,Oil
Colavita Olive Oil 500ml,Pantry Staples,Oil
Derana coconut oil 400ml,Pantry Staples,Oil
Derana Virgin Coconut oil 300ml,Pantry Staples,Oil
Ghee / QBB 400g,Pantry Staples,Oil
Olive Oil Rusk,Pantry Staples,Oil
Olive Oil Rusk 350g,Pantry Staples,Oil
Sunflower oil 2Lt,Pantry Staples,Oil
Vegetable oil 2lt,Pantry Staples,Oil
Vegetable Oil 5Lt,Pantry Staples,Oil
Virgin coconut oil 300ml,Pantry Staples,Oil
Virgin Coconut Oil organic Frank,Pantry Staples,Oil
Virgin olive oil 1Lt,Pantry Staples,Oil
Virgin Olive oil 4Lt,Pantry Staples,Oil
Virgin Olive Oil 500g,Pantry Staples,Oil
Virgin Olive Oil 500ml,Pantry Staples,Oil
VSS Virgin Coconut oil 500g,Pantry Staples,Oil
Sunflower oil 5lt,Pantry Staples,Oil
5kg Red onion,Fresh Produce,Onions
Garlic 500g,Fresh Produce,Onions
Garlic Chinese 500g,Fresh Produce,Onions
Garlic Single Clove 250g,Fresh Produce,Onions
Onion brown,Fresh Produce,Onions
Onion Pickling,Fresh Produce,Onions
Onion red,Fresh Produce,Onions
onion red 2kg,Fresh Produce,Onions
Onion Shallots,Fresh Produce,Onions
Onion white,Fresh Produce,Onions
Prepacked Chinese Garlic,Fresh Produce,Onions
Red onion 10kg,Fresh Produce,Onions
Red Shallots,Fresh Produce,Onions
Salad Onion,Fresh Produce,Onions
Cherries,Fresh Produce,Other Fruits
Figs,Fresh Produce,Other Fruits
kiwi fruit Gold,Fresh Produce,Other Fruits
Kiwi fruit Green,Fresh Produce,Other Fruits
Natural Dates 1kg Medjioul,Fresh Produce,Other Fruits
Persimmons,Fresh Produce,Other Fruits
Persimons **,Fresh Produce,Other Fruits
Quinces,Fresh Produce,Other Fruits
Rainer Cherries,Fresh Produce,Other Fruits
1kg olive pack,Fresh Produce,Other Vegies
Alfa Alfa,Fresh Produce,Other Vegies
Artichoke,Fresh Produce,Other Vegies
Artichoke Purple,Fresh Produce,Other Vegies
artichokes baby,Fresh Produce,Other Vegies
Asparagus Loose,Fresh Produce,Other Vegies
baby corn,Fresh Produce,Other Vegies
Beans baby,Fresh Produce,Other Vegies
Beans broad,Fresh Produce,Other Vegies
Beans green,Fresh Produce,Other Vegies
Broccoli,Fresh Produce,Other Vegies
Brussels sprouts,Fresh Produce,Other Vegies
Butter Beans,Fresh Produce,Other Vegies
Cauliflower,Fresh Produce,Other Vegies
Celery Naked,Fresh Produce,Other Vegies
Celery Pieces,Fresh Produce,Other Vegies
Coconut,Fresh Produce,Other Vegies
Eggplant,Fresh Produce,Other Vegies
Eggplant Lebanese,Fresh Produce,Other Vegies
Fennel,Fresh Produce,Other Vegies
Flat Beans,Fresh Produce,Other Vegies
Ginger,Fresh Produce,Other Vegies
Italian Artichoke Purple,Fresh Produce,Other Vegies
Jambo kalamata olives,Fresh Produce,Other Vegies
Katta Sambol Veg,Fresh Produce,Other Vegies
kohlrabi,Fresh Produce,Other Vegies
Leek,Fresh Produce,Other Vegies
Leek baby,Fresh Produce,Other Vegies
Leeks slim 3pak,Fresh Produce,Other Vegies
Leeks Trimmed,Fresh Produce,Other Vegies
Pandan Leaves,Fresh Produce,Other Vegies
Peas,Fresh Produce,Other Vegies
Peas Snow,Fresh Produce,Other Vegies
Peas sugar snap,Fresh Produce,Other Vegies
Purple Striped Eggplant,Fresh Produce,Other Vegies
salted olives Black,Fresh Produce,Other Vegies
Squash yellow,Fresh Produce,Other Vegies
Sweet Corn,Fresh Produce,Other Vegies
Zucchini green,Fresh Produce,Other Vegies
Zucchini Lebanese,Fresh Produce,Other Vegies
Continental Rusk 230g,Breads & Bakery,Packaed
Continental Grissini 350g,Breads & Bakery,Packaged
croutouns,Breads & Bakery,Packaged
Raspberry Petite,Breads & Bakery,Packaged
Tsoureki Large,Breads & Bakery,Packaged
Tsoureki Small 450g,Breads & Bakery,Packaged
Melomakarona 250g,Breads & Bakery,Packaged
Ambulthiyal Mix LA,Snacks,Packaged Snacks
Banana Chips280g,Snacks,Packaged Snacks
BBQ fride rice cracker,Snacks,Packaged Snacks
Bhuja Mix with Cashew Nuts 200g,Snacks,Packaged Snacks
Bite Mixture serandib 200g,Snacks,Packaged Snacks
Bombay Mix 300g,Snacks,Packaged Snacks
Chanacur hot,Snacks,Packaged Snacks
Cheese Buttons 215g mun,Snacks,Packaged Snacks
Chicken Noodless cup 70g,Snacks,Packaged Snacks
Chikpea Double Roasted 400g,Snacks,Packaged Snacks
Chili Rice Snak,Snacks,Packaged Snacks
Date Coconut Roll 340g,Snacks,Packaged Snacks
Date Crown Lulu 500g,Snacks,Packaged Snacks
Delites Seasalt & Balvin,Snacks,Packaged Snacks
Derana Ambulthiyal Mix 350g,Snacks,Packaged Snacks
Derana Bite Mixture 200g,Snacks,Packaged Snacks
Derana Bite Mixture Dhal 200g,Snacks,Packaged Snacks
Derana Rulan Aluwa 350g,Snacks,Packaged Snacks
Dried Figs 250g,Snacks,Packaged Snacks
Extra Hot Bhuja 300g,Snacks,Packaged Snacks
Fine Sev 300g,Snacks,Packaged Snacks
fried bread chips sweet 200g,Snacks,Packaged Snacks
Fried Bread fruit chips 200g,Snacks,Packaged Snacks
Fried Jack fruit chips 200g,Snacks,Packaged Snacks
Gem Munchee,Snacks,Packaged Snacks
Gooddies Rice Crackers 100g QBMA,Snacks,Packaged Snacks
Harischandra hopper mix,Snacks,Packaged Snacks
Harischandra Those Mix,Snacks,Packaged Snacks
Hathawariya Porridge 50g,Snacks,Packaged Snacks
Hot Murukku300g,Snacks,Packaged Snacks
Hot Party Mix,Snacks,Packaged Snacks
Hot Sev,Snacks,Packaged Snacks
Hot Tapioca Chips 300g,Snacks,Packaged Snacks
Jujubes 100g Uswatte,Snacks,Packaged Snacks
Kottumee Hot & spicy,Snacks,Packaged Snacks
Lanka Mix300g,Snacks,Packaged Snacks
Maggi 2 min,Snacks,Packaged Snacks
Maldive Fish chips 100g,Snacks,Packaged Snacks
Maliban Cheesebits,Snacks,Packaged Snacks
Maliban Cream Cracker 500g,Snacks,Packaged Snacks
Mix Bhuja 300g,Snacks,Packaged Snacks
Murukku 300g,Snacks,Packaged Snacks
potato dumplings 500g,Snacks,Packaged Snacks
Pretzel snack 250g,Snacks,Packaged Snacks
Rice Crackers 100g,Snacks,Packaged Snacks
Roasted Peanut in Shell 370g,Snacks,Packaged Snacks
Seeds & Grains Rice crackers,Snacks,Packaged Snacks
Spicy Dhal300g,Snacks,Packaged Snacks
Spicy Peanut,Snacks,Packaged Snacks
SwissRoll Chocolate,Snacks,Packaged Snacks
Tapioca Chip 300g,Snacks,Packaged Snacks
Yahaposha 200g,Snacks,Packaged Snacks
Derana Murukku 100g,Snacks,Packaged Snacks
Milk Short Mun,Snacks,Packaged Snacks
Milk Shortcake Maliban,Snacks,Packaged Snacks
Milk Toffee 200g,Snacks,Packaged Snacks
Miotha Jelly Mango Flavoured,Snacks,Packaged Snacks
Maldive fish chips 200g dera,Snacks,Packaged Snacks
MDK Thosa Mix 400g,Snacks,Packaged Snacks
Derana Sesame Rolls 200g,Snacks,Packaged Snacks
Wijaya Pppadam,Pantry Staples,Papad
Potato Gnocchi,Pantry Staples,Pasta
Spaghetti No.4,Pantry Staples,Pasta
Spirali No.55,Pantry Staples,Pasta
Trivelle No.17,Pantry Staples,Pasta
Bucatini No.6,Pantry Staples,Pasta
Diced Tomatoes,Pantry Staples,Pasta
Dry East 125g,Pantry Staples,Pasta
Egg pasta large 250g,Pantry Staples,Pasta
Egg pasta medium 250g,Pantry Staples,Pasta
Fusilli No.56,Pantry Staples,Pasta
Lasagna Sheets Large 250g,Pantry Staples,Pasta
Linguine No.1,Pantry Staples,Pasta
Macaroni 02,Pantry Staples,Pasta
Macaroni 05,Pantry Staples,Pasta
Maccheroni No.32,Pantry Staples,Pasta
Olive Oil 1Lt Bal,Pantry Staples,Pasta
Olive oil 500ml bal,Pantry Staples,Pasta
Passata 700g,Pantry Staples,Pasta
Pasta,Pantry Staples,Pasta
Pasta Long,Pantry Staples,Pasta
Pasta short,Pantry Staples,Pasta
Peeled Plum Tomatoes,Pantry Staples,Pasta
Pennaki1 81,Pantry Staples,Pasta
Penne Rigati No.18,Pantry Staples,Pasta
Pennette No.59,Pantry Staples,Pasta
Rigatoni No.58,Pantry Staples,Pasta
spaghettini 03,Pantry Staples,Pasta
Trahana Sweet 500g,Pantry Staples,Pasta
Trahanas Sour 500g,Pantry Staples,Pasta
Goraka Paste Derana,Pantry Staples,Condiments
Clapp Pears,Fresh Produce,Pears
D'anjou Pear,Fresh Produce,Pears
Honey Pear,Fresh Produce,Pears
Indian Pearl Pear,Fresh Produce,Pears
Josephine Pears,Fresh Produce,Pears
Packham pear 1kg,Fresh Produce,Pears
Paradise Pear,Fresh Produce,Pears
pear Bosc,Fresh Produce,Pears
pear corella,Fresh Produce,Pears
Pear Nashi,Fresh Produce,Pears
Pear Packham,Fresh Produce,Pears
Pears 300g,Fresh Produce,Pears
Pears brown bosc,Fresh Produce,Pears
Pears William,Fresh Produce,Pears
Red Nashi Pear,Fresh Produce,Pears
ya pears,Fresh Produce,Pears
Ambarella Chutney dera,Pantry Staples,Pickle
Brinjal Moju serendib 250g,Pantry Staples,Pickle
Brinjal Pickle 400g,Pantry Staples,Pickle
Brinjol Moju Deran,Pantry Staples,Pickle
Bruschetta alle verdure,Pantry Staples,Pickle
Garlic Mince 350g Pattu,Pantry Staples,Pickle
Garlic Pickle,Pantry Staples,Pickle
Lime Pickle 350g,Pantry Staples,Pickle
Lime Pickle LA,Pantry Staples,Pickle
Naga Pickle,Pantry Staples,Pickle
Olive Pickle 400g,Pantry Staples,Pickle
Sinhala Achcharu Araliya,Pantry Staples,Pickle
Tea Jack Mellum in Brine,Pantry Staples,Pickle
sinhala Pickle 375g MD,Pantry Staples,Pickle
Derana Lime pickle sambol 400g,Pantry Staples,Pickle
Malay Pickle derana,Pantry Staples,Pickle
Brushed Potatoes 5kg bag,Fresh Produce,Potatoes
Cocktail Potatoes,Fresh Produce,Potatoes
Hawaian Sweet Potato,Fresh Produce,Potatoes
Potato Brush 2.5Kg,Fresh Produce,Potatoes
Potato brushed,Fresh Produce,Potatoes
Potato Desiree,Fresh Produce,Potatoes
Potato Kipfler,Fresh Produce,Potatoes
potato Red 4kg,Fresh Produce,Potatoes
Potato sweet Gold,Fresh Produce,Potatoes
Potato washed,Fresh Produce,Potatoes
potatoes Red 5kg,Fresh Produce,Potatoes
potatoes royal blue,Fresh Produce,Potatoes
Red Potatoes 2kg,Fresh Produce,Potatoes
Sweet potatoes Purple,Fresh Produce,Potatoes
Taro,Fresh Produce,Potatoes
wash potatoes 5kg,Fresh Produce,Potatoes
Washed Potatoes 2.5kg,Fresh Produce,Potatoes
Yam,Fresh Produce,Potatoes
Nestomalt 400g,Beverage,Powder
Lemon Puff 2 for 2.50,Breads & Bakery,Puff
Lemon Puff Mun,Breads & Bakery,Puff
Black Beans 500g,Pantry Staples,Pulses and Grains
Borlotti Beans 400g,Pantry Staples,Pulses and Grains
Broad Beans 500g,Pantry Staples,Pulses and Grains
Great Northern Beans 500g,Pantry Staples,Pulses and Grains
Green Lentils 500g,Pantry Staples,Pulses and Grains
Lentils 400g,Pantry Staples,Pulses and Grains
Mung Beans 1kg pattu,Pantry Staples,Pulses and Grains
Red Kidney Beans 400g,Pantry Staples,Pulses and Grains
Masoor Dhal 1Kg,Pantry Staples,Pulses and Grains
Soya Beans 500g,Pantry Staples,Pulses and Grains
Spicy Greenpeas 300g,Pantry Staples,Pulses and Grains
Turkish white Coarse Burgul 500g,Pantry Staples,Pulses and Grains
Turkish White Fine Burgul 500g,Pantry Staples,Pulses and Grains
Derana Tikiri soya 250g,Pantry Staples,Pulses and Grains
Derana Soya Chunks 500g,Pantry Staples,Pulses and Grains
Derana Soyameat Regular,Pantry Staples,Pulses and Grains
Sago 250g,Pantry Staples,Pulses and Grains
Pumpkin Butternut,Fresh Produce,Pumpkins
Pumpkin Grey,Fresh Produce,Pumpkins
Pumpkin Japanese/Kent,Fresh Produce,Pumpkins
Wijaya fish curry Powder 70g,Fresh Produce,Pumpkins
Basmathi 1kg Monsoon,Pantry Staples,Rice
Basmathi 5kg,Pantry Staples,Rice
Basmathi Rice Golden Sella 1kg,Pantry Staples,Rice
Brown Rice1kg,Pantry Staples,Rice
CIC Red Lit Basmathi 5kg,Pantry Staples,Rice
Daawat 20kg,Pantry Staples,Rice
Daawat Biriyani Rice 5kg,Pantry Staples,Rice
Daawat everyday5kg,Pantry Staples,Rice
Daawat Super Basmathi 6.5kg,Pantry Staples,Rice
Dawaat Traditional rice 5kg,Pantry Staples,Rice
Derana Basmathi 10kg,Pantry Staples,Rice
Derana Basmathi 5kg,Pantry Staples,Rice
Derana Indian Basmathi 10kg,Pantry Staples,Rice
Derana Indian Basmathi 20kg,Pantry Staples,Rice
Derana Indian Basmathi 5kg,Pantry Staples,Rice
Derana keeri samba 1kg,Pantry Staples,Rice
Derana keeri samba 5kg,Pantry Staples,Rice
Derana Lite Basmathi 1kg,Pantry Staples,Rice
Derana Lite Basmathi 5kg,Pantry Staples,Rice
Derana Muthu Samba 1kg,Pantry Staples,Rice
Derana Muthu Samba 5kg,Pantry Staples,Rice
Derana Raw Rice 1kg,Pantry Staples,Rice
Derana Red Basmathi 1kg,Pantry Staples,Rice
Derana Red Basmathi 5kg,Pantry Staples,Rice
Derana Red Raw Rice 5kg,Pantry Staples,Rice
Derana Suduru samba 1kg,Pantry Staples,Rice
Derana white keeri samba 1kg,Pantry Staples,Rice
Derana white keeri samba 5kg,Pantry Staples,Rice
Derana white Raw Rice 1kg,Pantry Staples,Rice
Derana Yellow Rice Mix 350g,Pantry Staples,Rice
Devaaya 10kg,Pantry Staples,Rice
Devaaya 20kg,Pantry Staples,Rice
Devaaya 5kg,Pantry Staples,Rice
Idly rice 1kg,Pantry Staples,Rice
India Gate Super 10kg,Pantry Staples,Rice
India Gate Super10kg,Pantry Staples,Rice
Indian Gate Classic 5kg,Pantry Staples,Rice
Indian Gate Super 6.250kg,Pantry Staples,Rice
Lal Qilla Basmathi 5kg,Pantry Staples,Rice
Lite R/Raw Samba1kg,Pantry Staples,Rice
Lite Red Raw Rice1kg,Pantry Staples,Rice
Lite Red Raw Rice5kg,Pantry Staples,Rice
Lite red raw Samba 5kg,Pantry Staples,Rice
Mithas 5kg,Pantry Staples,Rice
Monsoon Basmathi 5kg,Pantry Staples,Rice
Muth Samba 5kg Araliya,Pantry Staples,Rice
Muthu Samba 5kg CIC,Pantry Staples,Rice
Nipuna keeri samba 5kg,Pantry Staples,Rice
Nipuna supiri samba5kg,Pantry Staples,Rice
Premium 5k Pattu,Pantry Staples,Rice
Red Parboiled Rice 1kg CIC,Pantry Staples,Rice
Red Raw Rice 1kg CIC,Pantry Staples,Rice
Red Raw Samba 5kg Cic,Pantry Staples,Rice
Red Raw Samba1kg,Pantry Staples,Rice
Rozana basmati 5kg,Pantry Staples,Rice
Sela Basmati 5kg,Pantry Staples,Rice
Select Basmathi 5kg daawat,Pantry Staples,Rice
Sona Masoori 5kg,Pantry Staples,Rice
Sprats 150g Richmi,Pantry Staples,Rice
Sudu Kekulu5kg Kandyan,Pantry Staples,Rice
Suduru Samba 5kg Araliya,Pantry Staples,Rice
Super chef 5kg,Pantry Staples,Rice
Supiri Keeri Samba 5kg CIC,Pantry Staples,Rice
Suwadel Rice 1kg,Pantry Staples,Rice
Tiger Brand Basmathi5kg,Pantry Staples,Rice
White Basmathi 1kg cic,Pantry Staples,Rice
White Raw Rice 1Kg CIC,Pantry Staples,Rice
white Raw Rice 5kg Derana,Pantry Staples,Rice
Red Basmathi 5kg Araliya,Pantry Staples,Rice
Derana hand pou.parb red 5kg,Pantry Staples,Rice
Derana hand POU.PARB.REd 1kg,Pantry Staples,Rice
Annapura Atta 1kg,Fresh Produce,Root Vegies
Baby beetroot 250g,Fresh Produce,Root Vegies
Beetroot,Fresh Produce,Root Vegies
Carrots Dutch,Fresh Produce,Root Vegies
Celeriac,Fresh Produce,Root Vegies
Fresh Garlic,Fresh Produce,Root Vegies
Kithul Trecle Dera750ml,Fresh Produce,Root Vegies
Kohlrabi Purple,Fresh Produce,Root Vegies
Parsnip,Fresh Produce,Root Vegies
Purple Dutch Carrots,Fresh Produce,Root Vegies
Red Raw Rice 5g CIC,Fresh Produce,Root Vegies
Swedes Turnips,Fresh Produce,Root Vegies
Turmeric,Fresh Produce,Root Vegies
Turnips,Fresh Produce,Root Vegies
Turnips fresh,Fresh Produce,Root Vegies
Dried Sprats 200g lakmalu,Pantry Staples,Sardines
Fried Sprats 160g,Pantry Staples,Sardines
Fried Sprats 160g kandy,Pantry Staples,Sardines
Keeramin Large200g sera,Pantry Staples,Sardines
Keeramin Small 200g Sera,Pantry Staples,Sardines
Sprats ready to cook,Pantry Staples,Sardines
Tea Dried Sprats 250g,Pantry Staples,Sardines
Derana fried sprat 175g,Pantry Staples,Sardines
Amberella Curry,Pantry Staples,Sauce
Banana Blossom 560g,Pantry Staples,Sauce
cashew curry seran,Pantry Staples,Sauce
Cashew Nuts 200g,Pantry Staples,Sauce
Derana cashew curry 340g,Pantry Staples,Sauce
MD Chilli & Garlic Sauce,Pantry Staples,Sauce
MD Extra hot chilli sauce,Pantry Staples,Sauce
MD Green Chilli Sauce,Pantry Staples,Sauce
MD sweet chilli sauce,Pantry Staples,Sauce
Tomato & Basil Sauce,Pantry Staples,Sauce
Derana Dry seeni samble 325g,Pantry Staples,Sauce
Derana fish Abulthiyal 300g,Pantry Staples,Sauce
Derana Fried Brinjol 125g,Pantry Staples,Sauce
Derana Fried katta 200g,Pantry Staples,Sauce
Derana fried Thalapath 200g,Pantry Staples,Sauce
Derana Lunumiris,Pantry Staples,Sauce
Derana Maldive f Sambol 200g,Pantry Staples,Sauce
Derana R/coco sambol 300g,Pantry Staples,Sauce
Curry powder250g kandyan,Pantry Staples,Sauces
Dearana kohila Dalu curry 350g,Pantry Staples,Sauces
Derana BBQ Sauce 350ml,Pantry Staples,Sauces
Derana Chilli Garlic sauce 350ml,Pantry Staples,Sauces
Derana Chilli sauce 350ml,Pantry Staples,Sauces
Derana katta curry 325g,Pantry Staples,Sauces
Derana Kohila curry,Pantry Staples,Sauces
Derana Mango curry 350g,Pantry Staples,Sauces
Derana Tomato sauce 350ml,Pantry Staples,Sauces
Derana veg red coco sambol 225g,Pantry Staples,Sauces
Derana veg seeni sambol 350g,Pantry Staples,Sauces
Derana Woodapple cordial 750ml,Pantry Staples,Sauces
Fish curry Mix La,Pantry Staples,Sauces
Green Coconut Sambol Rabeena,Pantry Staples,Sauces
MD BBQ sauce 400ml,Pantry Staples,Sauces
MD Brinjal Curry,Pantry Staples,Sauces
MD Mango Chutney,Pantry Staples,Sauces
MD Original Mango Chutney,Pantry Staples,Sauces
MD Pineapple Cordial,Pantry Staples,Sauces
MD Tamarind Paste,Pantry Staples,Sauces
MD Tomato Ketchup,Pantry Staples,Sauces
MD Tomato sauce,Pantry Staples,Sauces
Mustatd Sauce 375g,Pantry Staples,Sauces
Pasta Sauce arrbbiata,Pantry Staples,Sauces
Pasta sause Basilico,Pantry Staples,Sauces
Pasta sause Peperoni,Pantry Staples,Sauces
Pasta sause Verdure,Pantry Staples,Sauces
Pepper Crushed 100g,Pantry Staples,Sauces
Polos Ambula 350g,Pantry Staples,Sauces
Polos Ambula 675g,Pantry Staples,Sauces
Polos In Brine,Pantry Staples,Sauces
polos Mellum in Brine 560g,Pantry Staples,Sauces
Red coconut Sambol,Pantry Staples,Sauces
V/ R Coconut Sambol 300g,Pantry Staples,Sauces
Derana Tamarind Paste 400g,Pantry Staples,Sauces
Derana veg lunumiris 350g,Pantry Staples,Sauces
Derana SWT chilli sauce 350ml,Pantry Staples,Sauces
Derana v/coconut sambol 300g,Pantry Staples,Sauces
SeeniSambol 350g derana,Pantry Staples,Sauces
Coca cola 1.25L,Beverages,Soda
Coca Cola 2for 4.50,Beverages,Soda
Coca Cola 375ml,Beverages,Soda
Coca Cola 390ml,Beverages,Soda
Coca Cola Zero 375ml,Beverages,Soda
Coca Cola Zero 390ml,Beverages,Soda
Cream Soda 2L,Beverages,Soda
Cream Soda Elp 330ml,Beverages,Soda
Elephant EGB 400ml,Beverages,Soda
Elephant House EGB 1.5L,Beverages,Soda
Fanta 375ml can,Beverages,Soda
Fanta 390ml,Beverages,Soda
Giger Beer Elp 330ml,Beverages,Soda
Ginger Beer Bundaberg 375ml,Beverages,Soda
Lift 390ml,Beverages,Soda
Sprite 375ml can,Beverages,Soda
Sprite 390ml,Beverages,Soda
Basil Seed 100g(casa casa),Pantry Staples,Spices
Biriyani Mix 50g,Pantry Staples,Spices
Biryani Masala 200g,Pantry Staples,Spices
Black Pepper 150g dera,Pantry Staples,Spices
Black Pepper 200g Kandyan,Pantry Staples,Spices
Black Pepper Crushed100g,Pantry Staples,Spices
Black pepper Whole100g,Pantry Staples,Spices
Black Sesame Seeds 500g,Pantry Staples,Spices
Blackeye Beans 500g,Pantry Staples,Spices
Briyani Masala 200g,Pantry Staples,Spices
Buriyani Mix LA,Pantry Staples,Spices
Cardmon Pods 200g,Pantry Staples,Spices
Chicken curry Mix La,Pantry Staples,Spices
Chicken Masala 200g,Pantry Staples,Spices
Chicken Masala 50g,Pantry Staples,Spices
Chilli Crushed 250g Kandyan,Pantry Staples,Spices
Chilli Paste veg,Pantry Staples,Spices
Chilli Pieces sera,Pantry Staples,Spices
Chilli Pieces250g Ruhunu,Pantry Staples,Spices
Chilli powder 250g Ruhunu,Pantry Staples,Spices
Chilli Powder Unr 200g,Pantry Staples,Spices
Chinese chilli paste 300g,Pantry Staples,Spices
Cinnamon 15g,Pantry Staples,Spices
Cinnamon 50g kandyan,Pantry Staples,Spices
Cinnamon Powder 250g,Pantry Staples,Spices
Cinnamon Powder100g der,Pantry Staples,Spices
Cinnamon Quills100g,Pantry Staples,Spices
Clove whole 100g,Pantry Staples,Spices
cloves 200g,Pantry Staples,Spices
Cloves Whole 30g,Pantry Staples,Spices
Coriader Whole 250g,Pantry Staples,Spices
Coriander seed 500g,Pantry Staples,Spices
Coriander Seeds 100g,Pantry Staples,Spices
Coriender Powder 200g,Pantry Staples,Spices
Corriander Ground 200g,Pantry Staples,Spices
Cumin Ground 200g,Pantry Staples,Spices
Cumin Ground 50g,Pantry Staples,Spices
Cumin Powder 100g,Pantry Staples,Spices
Cumin Seed 100g,Pantry Staples,Spices
Dearana kooni sambol 275g,Pantry Staples,Spices
Derana Beef Curry Mix 375g,Pantry Staples,spices
Derana Buriyani Mix 375g,Pantry Staples,Spices
Derana chicken curry mix 375g,Pantry Staples,spices
Derana chilli paste 350g,Pantry Staples,Spices
derana chilli pieces 250g,Pantry Staples,Spices
Derana chilli Pieces 500g,Pantry Staples,Spices
Derana chilli powder 250g,Pantry Staples,Spices
Derana Chilli Powder 500g,Pantry Staples,Spices
Derana Cinnamon Quills 50g,Pantry Staples,Spices
Derana curry powder 250g,Pantry Staples,Spices
Derana curry powder 500g,Pantry Staples,Spices
Derana Papper Crush 200g,Pantry Staples,Spices
Derana Paspanguwa 100g,Pantry Staples,Spices
Derana Pork curry mix 350g,Pantry Staples,Spices
Derana R/curry powder 250g,Pantry Staples,Spices
Derana R/Curry powder 500g,Pantry Staples,Spices
Derana Rasam Mix 300g,Pantry Staples,Spices
Fennel Powder 100g,Pantry Staples,Spices
Fennel Seed 50g,Pantry Staples,Spices
Fennel Seeds 100g,Pantry Staples,Spices
Fenugreek Seeds 100g,Pantry Staples,Spices
Fine Salt 1kg,Pantry Staples,Spices
fish curry mix 375g,Pantry Staples,Spices
Funugreek seed 50g,Pantry Staples,Spices
Garam Masala 100g,Pantry Staples,Spices
Garam Masala Shan,Pantry Staples,Spices
Garlic & ginger 1kg,Pantry Staples,Spices
Garlic crush 1kg,Pantry Staples,Spices
Gourmet Salt Crystals 1kg,Pantry Staples,Spices
Kist Chilli Paste325g,Pantry Staples,Spices
Linseed Whole 500g,Pantry Staples,Spices
MD chilli Paste 200g,Pantry Staples,Spices
MDK Hopper Mix,Pantry Staples,Spices
Meat Masala 200g,Pantry Staples,Spices
Mustard Seed 100g,Pantry Staples,Spices
Mustard Seed Brown 250g,Pantry Staples,Spices
Paprika Hot 100g,Pantry Staples,Spices
Paprika Sweet 100g,Pantry Staples,Spices
Paprika Sweet 200g,Pantry Staples,Spices
Pepper Corns Black 100g,Pantry Staples,Spices
Pepper Kibbled 100g,Pantry Staples,Spices
Pepper Powder Wij 250g,Pantry Staples,Spices
Rampe Leaves Dried 50g,Pantry Staples,Spices
Roasted Chilli 250g ra,Pantry Staples,Spices
Roasted curry powder500g kand,Pantry Staples,Spices
Sanemo Chilli 215g,Pantry Staples,Spices
Seeni Sambol Kist,Pantry Staples,Spices
Sesame Seeds 500g,Pantry Staples,Spices
Tamarind 100g,Pantry Staples,Spices
Tamarind 200g,Pantry Staples,Spices
Tamarind 400g,Pantry Staples,Spices
Tamarind Seedless 500g,Pantry Staples,Spices
Tandoori Masala,Pantry Staples,Spices
Turmaric Powder250g Ruhunu,Pantry Staples,Spices
Turmeric Powder 100g,Pantry Staples,Spices
Turmeric Powder 100g kandyan,Pantry Staples,Spices
Turmeric Powder100g,Pantry Staples,Spices
U/R chilli Powder Rabee,Pantry Staples,Spices
Vindaloo Masala 50g,Pantry Staples,Spices
Whole chilli 100g,Pantry Staples,Spices
Whole Chilli500g,Pantry Staples,Spices
Wijaya chilli pieces 250g,Pantry Staples,Spices
Wijaya chilli Pieces 500g,Pantry Staples,Spices
wijaya chilli powder 500g,Pantry Staples,Spices
Wijaya Chilli Powder250g,Pantry Staples,Spices
Wijaya Curry Powder 250g,Pantry Staples,Spices
Wijaya curry Powder 500g,Pantry Staples,Spices
Wijaya Meat curry Powder Mixture,Pantry Staples,Spices
Wijaya Roasted curry powder 250g,Pantry Staples,Spices
Wijaya Tumaric Powder 250g,Pantry Staples,Spices
Yellow Mustard seeds 100g,Pantry Staples,Spices
Derana Mutton curry mix 350g,Pantry Staples,Spices
Derana Jaffna curry powder 350g,Pantry Staples,Spices
Derana Mustard Powder 200g,Pantry Staples,Spices
Derana Pepper Powder 200g,Pantry Staples,Spices
Derana R/chilli powder 250g,Pantry Staples,Spices
Mastiha 15g,Pantry Staples,Spices
Nutmeg,Pantry Staples,Spices
Cardamom Green 100g,Pantry Staples,Spides
Amber Jewl plum,Fresh Produce,Stonefruits
Apricots,Fresh Produce,Stonefruits
Autum Giant Plum,Fresh Produce,Stonefruits
Black Plum,Fresh Produce,Stonefruits
Blood Plums,Fresh Produce,Stonefruits
candy gem plum,Fresh Produce,Stonefruits
Dapple Dandy Plum,Fresh Produce,Stonefruits
Nectarine White,Fresh Produce,Stonefruits
Nectarine Yellow,Fresh Produce,Stonefruits
Peach clingstone,Fresh Produce,Stonefruits
peaches white,Fresh Produce,Stonefruits
Peaches Yellow,Fresh Produce,Stonefruits
Plums Angelino,Fresh Produce,Stonefruits
Plums Flavour,Fresh Produce,Stonefruits
Plums october sun,Fresh Produce,Stonefruits
Plums Red,Fresh Produce,Stonefruits
President Plum,Fresh Produce,Stonefruits
Sugar Plum,Fresh Produce,Stonefruits
Brown Sugar 1kg,Pantry Staples,Sugar
Icing Gem 200g,Pantry Staples,Sugar
Icing Sugar 500g,Pantry Staples,Sugar
Kithul Jaggary 450g,Pantry Staples,Sugar
Kithul Jaggery 300g,Pantry Staples,Sugar
Kithul jaggery 500g se,Pantry Staples,Sugar
Kithul Treacle360ml,Pantry Staples,Sugar
Raw Sugar 1kg,Pantry Staples,Sugar
vanila powder 15g,Pantry Staples,Sugar
Vanila Twists 250g,Pantry Staples,Sugar
MD Kithul Juggery 500g,Pantry Staples,Sugar
Derana Kithul Jaggary 450g,Pantry Staples,Sugar
Motha Strawberry flavour Jelly100g,Pantry Staples,Sugar
Swiss Roll vanila,Pantry Staples,Sweet
Chocolate Almond Bread,Breads & Bakery,Sweet Bread
Liittle Chocolate Roll,Breads & Bakery,Sweet Bread
Almond Bread,Breads & Bakery,Sweet Bread
Sweetloaf,Breads & Bakery,Sweet Bread
Motha Caramel 100g,Breads & Bakery,Sweets
Motha Jelly Lime flavoured,Breads & Bakery,Sweets
Motha Wattalappan 110g,Breads & Bakery,Sweets
March Mallows100g uswatte,Snacks,Sweets
March Mallows200g uswatte,Snacks,Sweets
Black Tea 100,Beverages,Tea
Delmage Tea Pouch 200g,Beverages,Tea
Ginger Black Tea,Beverages,Tea
Ginger Tea 200g,Beverages,Tea
Green Tea Mint,Beverages,Tea
Harischandra coffee 100g,Beverages,Tea
Hibiscus Tea,Beverages,Tea
Juicy Peach Black Tea 465ml,Beverages,Tea
Karela Tea,Beverages,Tea
Link Enriched Paspanguwa,Beverages,Tea
Link Samahan 10Pac,Beverages,Tea
Link Samahan 25 Pac,Beverages,Tea
Link Samahan 5 Pac,Beverages,Tea
Masala Chai Tea,Beverages,Tea
Samahan 30Pack,Beverages,Tea
Tea Coconut Cream,Beverages,Tea
Tea Dried Keerameen 250g,Beverages,Tea
Zesty Lemon Black Tea 465ml,Beverages,Tea
Paspanguwa seren,Beverages,Tea
Barley Rusk,Breads & Bakery,Toast
Barley Rusk Samaria,Breads & Bakery,Toast
Bread Crumbs 500g,Breads & Bakery,Toast
Ghee Toasst,Breads & Bakery,Toast
Mini Toasts Original Recipe 100g,Breads & Bakery,Toast
Sweet Rusk,Breads & Bakery,Toast
Toast,Breads & Bakery,Toast
Wholemeal Rusk 230g,Breads & Bakery,Toast
Mini Toasts olive oil 100g,Breads & Bakery,Toast
Mini Toasts Wholemeal 100g,Breads & Bakery,Toast
Adelaide Tomatoes,Fresh Produce,Tomatoes
Black Russian Tomato,Fresh Produce,Tomatoes
Cherry Tomatoes 250g,Fresh Produce,Tomatoes
cherry Truss tomato,Fresh Produce,Tomatoes
Cocktail Tomatoes,Fresh Produce,Tomatoes
Field Tomatoes,Fresh Produce,Tomatoes
Mix cherry tomatoes,Fresh Produce,Tomatoes
Mix Medley Tomatoes,Fresh Produce,Tomatoes
Tomato,Fresh Produce,Tomatoes
Tomato Field,Fresh Produce,Tomatoes
Tomato mini roma 250g,Fresh Produce,Tomatoes
tomato sweet cherry vine,Fresh Produce,Tomatoes
Tomatoes Cherry,Fresh Produce,Tomatoes
tomatoes Grape,Fresh Produce,Tomatoes
Tomatoes Hydroponic,Fresh Produce,Tomatoes
Tomatoes Roma,Fresh Produce,Tomatoes
Tomatoes Truss,Fresh Produce,Tomatoes
Custard Apple,Fresh Produce,Tropical Fruits
Dragonfruit,Fresh Produce,Tropical Fruits
Guava,Fresh Produce,Tropical Fruits
Keow Mango,Fresh Produce,Tropical Fruits
Longans,Fresh Produce,Tropical Fruits
Lychees,Fresh Produce,Tropical Fruits
Mango Ataulfo,Fresh Produce,Tropical Fruits
Papaws Yellow,Fresh Produce,Tropical Fruits
Papaya Red,Fresh Produce,Tropical Fruits
Passionfruit,Fresh Produce,Tropical Fruits
Pawpaw,Fresh Produce,Tropical Fruits
Pineapple,Fresh Produce,Tropical Fruits
Pineapple sweet Large,Fresh Produce,Tropical Fruits
Pomegranate,Fresh Produce,Tropical Fruits
Prickly pears,Fresh Produce,Tropical Fruits
R2E2 Mango,Fresh Produce,Tropical Fruits
Rambutan,Fresh Produce,Tropical Fruits
TPP Mango,Fresh Produce,Tropical Fruits
Beans Snake,Fresh Produce,Veggies
Black Spanish Queen Olives,Fresh Produce,Veggies
Borlotti Beans,Fresh Produce,Veggies
Galangal,Fresh Produce,Veggies
Jerusalem Artichokes,Fresh Produce,Veggies
Kalamata Olives,Fresh Produce,Veggies
Mustard Leaves,Fresh Produce,Veggies
Red Onion,Fresh Produce,Veggies
Sprouts bean shoots,Fresh Produce,Veggies
Witlof red,Fresh Produce,Veggies
Balsamic Vinegar 500ml,Pantry Staples,Vinegar
Derana Coconut Vinegar 750ml,Pantry Staples,Vinegar
Derana coconut viniger 350ml,Pantry Staples,Vinegar
MD Coconut Vinegar 350ml,Pantry Staples,Vinegar
Vinegar 350ml,Pantry Staples,Vinegar
White vinegar 500ml,Pantry Staples,Vinegar
MD Fresh Chilli & Vinegar,Pantry Staples,Vinegar
Spring Water 600ml,Beverages,Water